index,twitter_id,tweet_content,obama_cnt,obama_score,trump_cnt,trump_score,obamacare_cnt,obamacare_score,trumpcare_cnt,trumpcare_score,republican_cnt,republican_score,democrats_cnt,democrats_score
0,237348797,RT @AmericaNewsroom: WATCH: @TGowdySC reacts after former Trump advisor Steve Bannon was arrested Thursday on charges of defrauding donors…,0,0.0,0,0.0,0,0.0,0,0.0,0,0.0,0,0.0
1,237348797,"RT @dailybriefing: President Trump says General Flynn was treated horrible wrong, and that Democrats &amp; top FBI officials abused FISA.  @TGo…",0,0.0,0,0.0,0,0.0,0,0.0,0,0.0,0,0.0
2,50452197,This is a shameful political move by Trump to make it harder for Americans to access help during a pandemic- all on his way out. Now more than ever Americans need access to these programs. My colleagues &amp; I are fighting to stop these harmful actions. https://t.co/WDn8iTRoug,0,0.0,0,0.0,0,0.0,0,0.0,0,0.0,0,0.0
3,50452197,"At the same time, we need to be working to protect and strengthen #SocialSecurity, the foundation of everyone’s retirement. It’s time for Republicans to stand with Democrats and support #Secure2100 to protect and expand benefits for millions of Americans.",0,0.0,0,0.0,0,0.0,0,0.0,0,0.0,0,0.0
4,50452197,"#Covid19 has made it clearer than ever that everyone needs reliable high-speed broadband. Today, the Trump FCC doubled down on repealing #NetNeutrality, making it harder for Americans to access affordable and reliable broadband. #NetNeutrality needs to be restored NOW! https://t.co/thMeSB0Uwv",0,0.0,0,0.0,0,0.0,0,0.0,0,0.0,0,0.0
5,50452197,The vast majority of Democrats and Republicans do not support the President's payroll tax cut- over 70%! It's past time for meaningful economic relief that doesn't harm #SocialSecurity https://t.co/mnNqXdgFET,0,0.0,0,0.0,0,0.0,0,0.0,0,0.0,0,0.0
6,50452197,RT @RepJoeCourtney: Great job by @RepJohnLarson yesterday chairing his “Save Our Social Security” hearing at Ways and Means. Trump has vowe…,0,0.0,0,0.0,0,0.0,0,0.0,0,0.0,0,0.0
7,50452197,"RT @RepWilson: Democrats have passed the #HeroesAct, which will help Americans w/ more Economic Impact Payments.  Why won’t Republicans sup…",0,0.0,0,0.0,0,0.0,0,0.0,0,0.0,0,0.0
8,50452197,RT @RepMikeQuigley: Democrats have already passed the #HeroesAct to provide Americans with more stimulus payments.  Instead of supporting t…,0,0.0,0,0.0,0,0.0,0,0.0,0,0.0,0,0.0
9,50452197,"Trump is forcing federal employees and 1.3 million active duty military members to defer their payments to #SocialSecurity.  I authored the #SaveOurSocialSecurityNow Act to stop this devastating, unilateral, unprecedented act harming our nation’s heroes. #HandsOffSocialSecurity https://t.co/92f8YOKykI",0,0.0,0,0.0,0,0.0,0,0.0,0,0.0,0,0.0
10,50452197,RT @RepYvetteClarke: Democrats have passed the #HeroesAct which will help Americans with more Economic Impact Payments. Why won’t the GOP s…,0,0.0,0,0.0,0,0.0,0,0.0,0,0.0,0,0.0
11,50452197,RT @RepDavidEPrice: Democrats passed the #HeroesAct 132 days ago which would help Americans cover their bills with more Economic Impact Pay…,0,0.0,0,0.0,0,0.0,0,0.0,0,0.0,0,0.0
12,50452197,"RT @WaysMeansCmte: Democrats are committed to protecting Social Security from the President’s attacks. Don’t miss our hearing tomorrow, whe…",0,0.0,0,0.0,0,0.0,0,0.0,0,0.0,0,0.0
13,50452197,"For 85 yrs, #SocialSecurity has meant economic security for millions of Americans. Now Trump is trying to defund it after his administration failed to contain COVID19. We must stop these attacks &amp; protect this program with #HR7499 which would expand benefits during the pandemic!",0,0.0,0,0.0,0,0.0,0,0.0,0,0.0,0,0.0
14,50452197,"I support the HEROES Act because it provides a 15% increase in SNAP benefits and stops the Trump USDA rule that could end food support for 700,000 recipients. SNAP is vital to keeping families from going hungry; we must prevent efforts to undermine it.",0,0.0,0,0.0,0,0.0,0,0.0,0,0.0,0,0.0
15,50452197,"RT @BobbyScott: Many Americans are working too hard for too little.   Today, Democrats take action #ForThePeople.   The House is taking up…",0,0.0,0,0.0,0,0.0,0,0.0,0,0.0,0,0.0
16,50452197,"The #StateOfHealthCare: Democrats are fighting to lower prescription drug costs and expand care, while Pres. Trump and Republicans try to rip care away. #SOTU https://t.co/HbMP2J8lkb",0,0.0,0,0.0,0,0.0,0,0.0,0,0.0,0,0.0
17,50452197,"#Infrastructure is neither Democrat nor Republican, it’s American. That’s why both parties need to come together to deliver solutions that rebuild our infrastructure, invest in green technologies to protect our climate, and spur jobs and economic development. https://t.co/wd24HUHNyH",0,0.0,0,0.0,0,0.0,0,0.0,0,0.0,0,0.0
18,50452197,"This is a different Trump than the one who said in 2016 that he wouldn’t cut Social Security. Today's remarks are in stark contrast. We need to expand, not cut Social Security with #Secure2100. https://t.co/vaVVBfQjzJ",0,0.0,0,0.0,0,0.0,0,0.0,0,0.0,0,0.0
19,233737858,"It should be a vote of 100-0.  Unfortunately, Democrats want superlegislators, not judges.   Tonight's confirmation vote is one of the most important things I do as a U.S. Senator.  I'm proud to vote for JUSTICE Amy Coney Barrett. #ConfirmACB https://t.co/fZiZFP8uaE",0,0.0,0,0.0,0,0.0,0,0.0,0,0.0,0,0.0
20,233737858,The Democrats have never recognized the wishes of the American people when they elected @realDonaldTrump as president in 2016. https://t.co/FNIJat2Wf8,0,0.0,0,0.0,0,0.0,0,0.0,0,0.0,0,0.0
21,233737858,Democrats are very weak on law and order and the public is starting to notice. https://t.co/oSnglIASLN,0,0.0,0,0.0,0,0.0,0,0.0,0,0.0,0,0.0
22,233737858,"As serious as I take Russia, China and Iran trying to destabilize our elections, the way the Democrats and the mainstream media have reacted has done more to interfere and destabilize our politics. https://t.co/Ifm11R6qGW",0,0.0,0,0.0,0,0.0,0,0.0,0,0.0,0,0.0
23,233737858,RT @SenateGOP: Stronger trade deals. Killing terrorists. National security tools. Justice reform. Coronavirus relief.   Democrats spent the…,0,0.0,0,0.0,0,0.0,0,0.0,0,0.0,0,0.0
24,233737858,Such a shame the Democrats won't look at areas of agreement for #coronavirus relief.   We agree on more money for... ➡️unemployed workers ➡️small business ➡️education ➡️vaccines/testing  Why won't they say yes to that? @greta https://t.co/H4xPIy9uC3,0,0.0,0,0.0,0,0.0,0,0.0,0,0.0,0,0.0
25,233737858,"Just because Republicans wouldn’t agree to spend $3 trillion and give Democrats everything they demanded, unemployed workers won’t get additional federal unemployment benefits and small businesses won’t get needed financial support. What a shame.",0,0.0,0,0.0,0,0.0,0,0.0,0,0.0,0,0.0
26,233737858,"It’s unfortunate Democrats won’t take yes for an answer. Once again, they have taken the position it’s either their way or the highway for #coronavirus relief. https://t.co/785W1pyqwX",0,0.0,0,0.0,0,0.0,0,0.0,0,0.0,0,0.0
27,233737858,"RT @js_newswatch: At the RNC, a ""right-to-try"" medication bill introduced by Ron Johnson of Wisconsin has been highlighted by Tiffany Trump…",0,0.0,0,0.0,0,0.0,0,0.0,0,0.0,0,0.0
28,233737858,Thank you @USPS Postmaster General DeJoy for your testimony today. The Democrats have put you in the cross hairs of another hyperbolic false attack perpetrated to scare people and gain political advantage. https://t.co/ZmULg7IlQi,0,0.0,0,0.0,0,0.0,0,0.0,0,0.0,0,0.0
29,233737858,Today's #HSGAC hearing on @USPS finances and operations put a spotlight on false narratives being pushed by Democrats.  Did you know USPS earned $1.5 billion more during COVID-19 than during the same period last year? https://t.co/nOm2tt3hJq,0,0.0,0,0.0,0,0.0,0,0.0,0,0.0,0,0.0
30,233737858,"Democrats have initiated a coordinated disinformation campaign in an effort to personally attack myself and Sen. @ChuckGrassley, but this will not obstruct our investigation. We will find the truth and get answers for the American people. https://t.co/CKrVOwO54X",0,0.0,0,0.0,0,0.0,0,0.0,0,0.0,0,0.0
31,233737858,"Today, I have released an open letter regarding the Democrats’ combative and false comments regarding my committee’s investigation. https://t.co/2sQ5VkKV66",0,0.0,0,0.0,0,0.0,0,0.0,0,0.0,0,0.0
32,233737858,"7/7 The only ones responsible for furthering Russian disinformation to interfere in our election are the Democrats in Congress and the Biden campaign, and the media that is willingly amplifying their lies. They should all be ashamed.",0,0.0,0,0.0,0,0.0,0,0.0,0,0.0,0,0.0
33,233737858,"3/7 It is a flat-out lie that I asked for the CIA to brief our committee and that they refused. We’ve already been briefed repeatedly on these issues, Democrats simply didn’t like what they heard.",0,0.0,0,0.0,0,0.0,0,0.0,0,0.0,0,0.0
34,233737858,2/7 It is a flat-out lie that I received the documents from Ukrainians that Democrats keep claiming. And they know it. It is unconscionable that Democrats and the press continue to report it.,0,0.0,0,0.0,0,0.0,0,0.0,0,0.0,0,0.0
35,233737858,"RT @dcexaminer: ""I don't think Democrats want a deal,"" remarked @SenRonJohnson as negotiations for another round of relief stall.  The GOP…",0,0.0,0,0.0,0,0.0,0,0.0,0,0.0,0,0.0
36,233737858,"Last week Republicans went to the Senate floor with serious proposals to help workers facing a lapse in federal unemployment benefits. Democrats rejected every Republican proposal. They are not serious about solving the problem, they simply want a political issue. https://t.co/vv6KYdqWTl",0,0.0,0,0.0,0,0.0,0,0.0,0,0.0,0,0.0
37,233737858,"Democrats have escalated their rhetoric in what appears to be an attempt to silence our investigation.   As I‘ve said from the beginning, I‘m simply attempting to find the truth.   What are they afraid I might find? https://t.co/nMKQGlmHL7",0,0.0,0,0.0,0,0.0,0,0.0,0,0.0,0,0.0
38,233737858,"My committee is focused on #covid, but there’s no reason we can’t continue to seek the truth for the American people. Don’t know why Democrats would object to that. https://t.co/RH4UBjc34K",0,0.0,0,0.0,0,0.0,0,0.0,0,0.0,0,0.0
39,233737858,"Democrats are having a hissy fit over a subpoena that should be no big deal. We're just trying to get to the truth about #burisma. Now with yesterday's vote, we can finally get some information. https://t.co/UGJNMNxwnK",0,0.0,0,0.0,0,0.0,0,0.0,0,0.0,0,0.0
40,233737858,RT @WSJopinion: Newly declassified documents show that the FBI knew some of its evidence against the Trump campaign likely came from Russia…,0,0.0,0,0.0,0,0.0,0,0.0,0,0.0,0,0.0
41,233737858,"Under Obamacare, Medicaid incentivizes states to prioritize able-bodied adults over the most vulnerable. Today’s announcement from @SecAzar @SeemaCMS offers an opportunity for needed reform, building on my committee’s work to strengthen program integrity &amp; promote accountability. https://t.co/lKDIPJzHm9",0,0.0,0,0.0,0,0.0,0,0.0,0,0.0,0,0.0
42,233737858,"RT @SenateGOP: Did you read Democrats' 111-page ""impeachment brief""?   We did.   They say they have ""overwhelming"" or ""compelling"" evidence…",0,0.0,0,0.0,0,0.0,0,0.0,0,0.0,0,0.0
43,172858784,Ask Senators Perdue and Loeffler what they think about this latest claim from Trump lawyers. https://t.co/a2H2ikx8kH,0,0.0,0,0.0,0,0.0,0,0.0,0,0.0,0,0.0
44,172858784,Georgia votes for Biden. Georgia Republican election chief confirms Biden win. Trump cries about rigged vote. “A whiny night in Georgia.” https://t.co/3gXk69atM4,0,0.0,0,0.0,0,0.0,0,0.0,0,0.0,0,0.0
45,172858784,"Let’s explain this election outcome in a way Trump will understand. “Mr. President, your show has not been renewed for a 5th season.”",0,0.0,0,0.0,0,0.0,0,0.0,0,0.0,0,0.0
46,172858784,Shame on Trump for continually lying about this election. His own Administration has rejected his pathetic whining and concluded that the 2020 election was “the most secure in American history.” Time to move on.,0,0.0,0,0.0,0,0.0,0,0.0,0,0.0,0,0.0
47,172858784,"Every single member of the Senate knows that the myth of a ""stolen election"" that is being perpetrated is a lie. But some people will fall for the myth unless Republicans are willing to stand up and call out the lie. To my Republican colleagues: Please put country first.",0,0.0,0,0.0,0,0.0,0,0.0,0,0.0,0,0.0
48,172858784,"Today on the Senate floor I asked my Republican colleagues: Won't you concede that the country has elected a new President? Won’t you speak out against baseless claims of voter fraud? Won’t you stand up for peaceful transitions of power, a sacred part of our American heritage?",0,0.0,0,0.0,0,0.0,0,0.0,0,0.0,0,0.0
49,172858784,No way for Trump campaign to show respect for military this Veterans Day. https://t.co/BVfcgPYupR,0,0.0,0,0.0,0,0.0,0,0.0,0,0.0,0,0.0
50,172858784,"Proud of my friend @MarkWarner and ready to make sure he sticks around as my coworker!   Virginia, make sure you go vote early for Mark, Joe, Kamala, and all the other great Democrats on your ballot. https://t.co/B21QKpeiSj has all the info you need on when, how, and where vote. https://t.co/13ZXHCY1bx",0,0.0,0,0.0,0,0.0,0,0.0,0,0.0,0,0.0
51,172858784,"I led a letter from all Democrats on the Senate Foreign Relations Committee to the State Department, asking that they quit treating same-sex couples’ children as second class. Glad they have done the right thing. https://t.co/hYKEzPHEUc",0,0.0,0,0.0,0,0.0,0,0.0,0,0.0,0,0.0
52,172858784,"If Democrats take the majority, the first thing we're going to do is get to work on a meaningful coronavirus relief package to ease suffering and start to rebuild our economy. One week left in this election—let’s do this. https://t.co/z8GmoGzPog",0,0.0,0,0.0,0,0.0,0,0.0,0,0.0,0,0.0
53,172858784,"Why rush this Supreme Court nomination? The answer is particularly heartless: The effort to rush the Barrett nomination is driven by the Republican desire to destroy the Affordable Care Act, plain and simple.",0,0.0,0,0.0,0,0.0,0,0.0,0,0.0,0,0.0
54,172858784,"As Democrats have been trying since May to pass meaningful, comprehensive relief—addressing things like child care and rent relief that American families desperately need—this has been the block we face over and over again. Vote them out! https://t.co/FrJTeH1mwr",0,0.0,0,0.0,0,0.0,0,0.0,0,0.0,0,0.0
55,172858784,I want to see a debate with an empty Zoom screen where Trump should have been. Coward. https://t.co/dVIQImbV6M,0,0.0,0,0.0,0,0.0,0,0.0,0,0.0,0,0.0
56,172858784,Trump is calling off discussions for COVID relief because his top priority is rushing a Supreme Court nominee to take away health care from millions. https://t.co/B21QKpeiSj,0,0.0,0,0.0,0,0.0,0,0.0,0,0.0,0,0.0
57,172858784,There's one thing Trump has been pushing above all else for years: Destroy the ACA. Now—as his Administration is asking SCOTUS to overturn it once and for all—he's trying to ram through another justice amidst an election.   The GOP must honor their word: Let the voters weigh in.,0,0.0,0,0.0,0,0.0,0,0.0,0,0.0,0,0.0
58,172858784,There shouldn't be one set of rules for a Democratic nominee and another for a Republican nominee.   I’m doing everything in my power to convince my GOP colleagues to keep their word and follow the rule they themselves created in 2016.,0,0.0,0,0.0,0,0.0,0,0.0,0,0.0,0,0.0
59,172858784,"I just voted early for @JoeBiden, @KamalaHarris, and Democrats all the way down the ticket here in Virginia—what a great day! I hope you'll join me—it's easy, convenient, and boy does it feel good to vote for competence, character, and compassion: https://t.co/B21QKpeiSj https://t.co/tTS4ysyDUj",0,0.0,0,0.0,0,0.0,0,0.0,0,0.0,0,0.0
60,172858784,"TOMORROW: Early voting in person begins throughout the Commonwealth of Virginia, and I'll tell you what—I can't wait. Let's show up strong for Joe, Kamala, and all of our great Democrats running to help move the country forward. Look up where to go: https://t.co/iVTciuu9Lx",0,0.0,0,0.0,0,0.0,0,0.0,0,0.0,0,0.0
61,172858784,"Since March, more than 186,000 American families have experienced the heartbreak of losing a loved one to COVID-19.  Trump cannot and will not tackle this crisis. America must elect @JoeBiden—we need character, compassion, and competence back in the White House to save lives.",0,0.0,0,0.0,0,0.0,0,0.0,0,0.0,0,0.0
62,172858784,There’s a metaphor in here somewhere. Fraudsters bilk people to pay for something stupid that Trump promised Mexico would fund. Construction is shoddy because fraudsters used money for high living rather than quality work. https://t.co/Znc7tCzurU,0,0.0,0,0.0,0,0.0,0,0.0,0,0.0,0,0.0
63,172858784,"Got weekend plans? How about volunteering for @JoeBiden, @KamalaHarris, and our great Virginia Democrats? Voting begins in Virginia 3 weeks from today—the time is now to talk to your friends, family, and neighbors about getting out the vote! Find an event: https://t.co/qy7JzhmVW2",0,0.0,0,0.0,0,0.0,0,0.0,0,0.0,0,0.0
64,172858784,"We used to have a diplomatic deal that was working to curb Iran’s nuclear program—then Trump tore it up. This administration’s reckless actions continue to threaten our diplomatic credibility, alliances, and national security. https://t.co/NTgZqY0S07",0,0.0,0,0.0,0,0.0,0,0.0,0,0.0,0,0.0
65,172858784,"On this day in 1935, FDR signed the Social Security Act.  Trump is now talking about yanking Social Security’s main funding source, threatening to undermine retirement security for generations and gut one of the most relied upon systems in our country's history. Joe knows better.",0,0.0,0,0.0,0,0.0,0,0.0,0,0.0,0,0.0
66,172858784,The USPS plays a critical role in our society during normal times. But it’s even more crucial during a pandemic when people—especially seniors—are relying on it for their needs.   We can’t allow Trump to undermine their mission—especially with an election 84 days away.,0,0.0,0,0.0,0,0.0,0,0.0,0,0.0,0,0.0
67,172858784,"Trump has talked about delaying the election, he's opposing efforts to secure safe vote by mail options, and now he's cutting short census counting by a month, risking undercounts. It's all in the same vein: Suppress voices to support your own ideology. Immoral and wrong. https://t.co/v14MSGp3kF",0,0.0,0,0.0,0,0.0,0,0.0,0,0.0,0,0.0
68,172858784,Donald Trump is anti-science. He's bigoted. He undermines health care at every turn. In short: Trump is the worst possible president to handle the situation our country is in. https://t.co/7jPDSLcQPh,0,0.0,0,0.0,0,0.0,0,0.0,0,0.0,0,0.0
69,172858784,"In month 6, he finally awakens. Rip Van Trump. https://t.co/hE2UvhwXVV",0,0.0,0,0.0,0,0.0,0,0.0,0,0.0,0,0.0
70,172858784,Trump is willing to battle against protestors even as he gives up on battling the coronavirus. He spouts off about dishwashers and showerheads and rails against fair housing laws as the US death toll climbs. Senate is in session tomorrow—and the US needs an intervention.,0,0.0,0,0.0,0,0.0,0,0.0,0,0.0,0,0.0
71,172858784,"The WHO is here to lead coordinated responses to global health concerns—for example, a pandemic that has taken half a million lives. Of course Trump withdrew. At every turn, he's slashed health budgets, undermined health care, and ignored health warnings. President Grim Reaper. https://t.co/3eI2OBUQKy",0,0.0,0,0.0,0,0.0,0,0.0,0,0.0,0,0.0
72,172858784,"Trump claims progress against virus as cases rise. Someone needs to explain it to him in a way he can understand: It’s like golf—a high number is bad, not good. https://t.co/3dWPPcU1Iw",0,0.0,0,0.0,0,0.0,0,0.0,0,0.0,0,0.0
73,172858784,So Trump won’t condemn Russia bounty payments for killing U.S. troops AND wants to veto defense bill giving our troops a pay raise? https://t.co/oflBW1QrWe,0,0.0,0,0.0,0,0.0,0,0.0,0,0.0,0,0.0
74,172858784,"Trump and Putin have multiple phone calls this spring, including within days of the White House emergency meetings in March. Topics? Oil production, COVID-19, inviting Russia to join the G7 meeting in September... Trump didn’t even mention bounty killing?",0,0.0,0,0.0,0,0.0,0,0.0,0,0.0,0,0.0
75,172858784,"Trump and his team are in panic mode. Trump suggests the report is a hoax. White House staff doesn’t deny the existence of the intelligence, but says Trump was never briefed on it. But the Administration reportedly did tell the British—so that British troops could be protected!",0,0.0,0,0.0,0,0.0,0,0.0,0,0.0,0,0.0
76,172858784,"But when I tried to get a bill on the floor to do just that, it was met with Republican opposition and didn't even get a vote. The bill I drafted doesn't cost a single penny—all it does is ask that Sec. DeVos follow Congress's bipartisan intent for relief funds to students.",0,0.0,0,0.0,0,0.0,0,0.0,0,0.0,0,0.0
77,172858784,"Dr. Fauci agreed with me that: 1) US death rate is unacceptable. 2) The US needs to do better. 3) Access to health care keeps people safer.  Meanwhile, Trump is still doing all he can to dismantle the Affordable Care Act and take away health care from tens of millions of people. https://t.co/ZoLP9eWz8v",0,0.0,0,0.0,0,0.0,0,0.0,0,0.0,0,0.0
78,172858784,Trump last year: “Great nations do not fight endless wars.”  Trump today: Vetoed bipartisan legislation to help avoid unnecessary war in the Middle East.  I urge my colleagues to join me in voting to override his veto—Congress must vote before sending our troops into harm’s way.,0,0.0,0,0.0,0,0.0,0,0.0,0,0.0,0,0.0
79,172858784,Companies didn’t oppose the oversight provisions. So why is Trump opposing? 1) He wants to give federal funds to his own companies. 2) He wants to hide how he’s using funds so he can help friends and hurt those not willing to kiss the ring. Pay attention! https://t.co/EHXuDRz3NS,0,0.0,0,0.0,0,0.0,0,0.0,0,0.0,0,0.0
80,172858784,"Trump was Nero, tweeting and pretending that the crisis didn’t exist. Now he is blaming health care workers! Our health care workers—and our country—need a President who will fight for them. https://t.co/GzCJxPqKyG",0,0.0,0,0.0,0,0.0,0,0.0,0,0.0,0,0.0
81,172858784,I'm proud that Democrats pushed to get today's relief bill to a strong place—it's a big step in addressing this crisis—but we also know it won't cover everything. We're ready to keep working to tackle additional problems and provide more support for American workers and families.,0,0.0,0,0.0,0,0.0,0,0.0,0,0.0,0,0.0
82,172858784,"Because Democrats stayed at the table and worked to make this bill better, it has advanced dramatically from the GOP proposal we saw on Sunday. More relief for families, more support for hospitals, and more help for small businesses. That's what we demanded, and it's what we got.",0,0.0,0,0.0,0,0.0,0,0.0,0,0.0,0,0.0
83,172858784,"We now have a majority of Senators, Democrat and Republican, who will stand strong for the principle that we shouldn’t be starting wars without a vote of Congress. https://t.co/sz7hC1G1yK",0,0.0,0,0.0,0,0.0,0,0.0,0,0.0,0,0.0
84,172858784,Iraqi parliament votes today to expel US troops—after our good work together to defeat ISIS—because Trump conducted air strikes in Iraq over their objection. Who benefits if the US is expelled from Iraq? ISIS and Iran.,0,0.0,0,0.0,0,0.0,0,0.0,0,0.0,0,0.0
85,172858784,"Now we are at the brink of an idiotic and unnecessary war with Iran. All the warnings Trump received were ignored and predicted consequences coming true. Now, US servicemembers spending holidays with family get notices that they are deploying to the Middle East. Yet again.",0,0.0,0,0.0,0,0.0,0,0.0,0,0.0,0,0.0
86,172858784,I warned that Trump backing out of the Iran diplomatic deal would raise the risk of unnecessary war. https://t.co/ONM8D9HbdK,0,0.0,0,0.0,0,0.0,0,0.0,0,0.0,0,0.0
87,172858784,"By carrying out airstrikes in Iraq over the objections of Iraqi government, Trump has risked squandering all our efforts against ISIS there. Likely winners? Iran and ISIS. Congress needs to have the backbone to counteract Trump’s foolish missteps. https://t.co/kxNDVsjwzw",0,0.0,0,0.0,0,0.0,0,0.0,0,0.0,0,0.0
88,172858784,"I just filed a resolution to prevent Trump from starting a war with Iran. The President wants to pretend that Congress doesn't exist, but it's our clear Constitutional duty to debate and vote before allowing him to rush into an unnecessary war.",0,0.0,0,0.0,0,0.0,0,0.0,0,0.0,0,0.0
89,154139987,"Carole was one of my mentors during my first run for Congress in 2006. She was kind, smart, strategic, and tireless, and she was a big reason we flipped that seat from Republican to Democratic. I was lucky to be her friend. #nhpolitics https://t.co/Lgr1BrfJVe",0,0.0,0,0.0,0,0.0,0,0.0,0,0.0,0,0.0
90,154139987,That's one more Republican voice. Still just a whisper from them. https://t.co/yeTdYQq8Jd,0,0.0,0,0.0,0,0.0,0,0.0,0,0.0,0,0.0
91,154139987,Trump leads a path of destruction everywhere he goes and every time he opens his mouth and lies. He is hurting America. https://t.co/757Enc6DNr,0,0.0,0,0.0,0,0.0,0,0.0,0,0.0,0,0.0
92,154139987,"If you don’t want Trump, don’t vote for governors who want him. Vote for ⁦@DanFeltesNH⁩ because he stands up for what’s right. Sadly, ⁦@GovChrisSununu⁩ brags he’s a Trump guy. #nhpolitics https://t.co/vjJ8vrkraR",0,0.0,0,0.0,0,0.0,0,0.0,0,0.0,0,0.0
93,154139987,"No masks, no plans, no protections, no leadership, because @GovChrisSununu says he's ""a Trump guy through and through."" Tell him no way on Tuesday. #nhpolitics https://t.co/EFPeBVyIU5",0,0.0,0,0.0,0,0.0,0,0.0,0,0.0,0,0.0
94,154139987,"Trump did nothing to stop the first wave, and now he is making America sick again. And @GovChrisSununu did not enforce his mask rule for Trump's or Pence's rallies. https://t.co/gDpbZIGA43",0,0.0,0,0.0,0,0.0,0,0.0,0,0.0,0,0.0
95,154139987,Minnesota reports 3 Covid-19 outbreaks related to Trump campaign events in Septemberlan https://t.co/gsrqrkzq1I,0,0.0,0,0.0,0,0.0,0,0.0,0,0.0,0,0.0
96,154139987,"This from Trump guy @GovChrisSununu who did nothing as Trump, Pence held multiple rallies in NH w/o masks. He didn’t wear a mask inside until shamed by twitter pics. He knows Congress sent money to NH. He knows Mitch’s delaying a second round. Who knew? Sununu knew. #nhpolitics https://t.co/Fq2GmhY4BF",0,0.0,0,0.0,0,0.0,0,0.0,0,0.0,0,0.0
97,154139987,RT @MollyJongFast: Every time Trump is given a platform he uses it to spread disinformation about coronavirus.  https://t.co/iBHAbMaxQm,0,0.0,0,0.0,0,0.0,0,0.0,0,0.0,0,0.0
98,154139987,"And Pence was in NH three days ago, @GovChrisSununu  You did not enforce your mask rule. Trump comes tomorrow. You won't say anything. You need to put NH citizens first. #nhpolitics https://t.co/HmA9vCbn9u",0,0.0,0,0.0,0,0.0,0,0.0,0,0.0,0,0.0
99,154139987,RT @Acosta: Very few masks and zero social distancing at Trump rally in Pensacola. (So far today as of this tweet Johns Hopkins has reporte…,0,0.0,0,0.0,0,0.0,0,0.0,0,0.0,0,0.0
100,154139987,Trump does not see them as human. We need @JoeBiden because he does. Joe sees the light in all of us. https://t.co/zLCFo3RxKv,0,0.0,0,0.0,0,0.0,0,0.0,0,0.0,0,0.0
101,154139987,Bloomberg knocks Trump back on his heels in Florida https://t.co/dABFRHNsHK via @politico,0,0.0,0,0.0,0,0.0,0,0.0,0,0.0,0,0.0
102,154139987,"RT @glennkirschner2: When John McCain took the mic away from the woman woman who began lying about Obama &amp; came to Obama’s defense, THAT wa…",0,0.0,0,0.0,0,0.0,0,0.0,0,0.0,0,0.0
103,154139987,RT @stuartpstevens: The Trump campaign began by mocking disabled and will end mocking the disabled. You want four more years of hate? Or sh…,0,0.0,0,0.0,0,0.0,0,0.0,0,0.0,0,0.0
104,154139987,"RT @Perry4NH: On 10.10.20, deaths went to 210,000. Today, 10.19.20, deaths at 221,000. Trump dancing on stage, having no empathy for the de…",0,0.0,0,0.0,0,0.0,0,0.0,0,0.0,0,0.0
105,154139987,Who’s going to tell Trump and his followers that scientists saved his life when he got the coronavirus?,0,0.0,0,0.0,0,0.0,0,0.0,0,0.0,0,0.0
106,154139987,RT @mrericbedard: Democrats: A vote for Sununu is a vote to block every policy you care about #nhpolitics,0,0.0,0,0.0,0,0.0,0,0.0,0,0.0,0,0.0
107,154139987,"Former New Hampshire GOP chair: My fellow Republicans, Trump does not deserve your loyalty https://t.co/grJrYouid4 via @usatoday",0,0.0,0,0.0,0,0.0,0,0.0,0,0.0,0,0.0
108,154139987,"RT @gtconway3d: Former chairman of the Federal Election Commission, and a Republican:",0,0.0,0,0.0,0,0.0,0,0.0,0,0.0,0,0.0
109,154139987,And Trump plans to rally tomorrow. He should have to pay  the medical bills for the people who get sick at his rallies. https://t.co/T3d26W43Cz,0,0.0,0,0.0,0,0.0,0,0.0,0,0.0,0,0.0
110,154139987,"After watching Trump and now Pence interrupt, lie, and refuse to answer the question, doing this will make you feel better! https://t.co/a0d71lKnnt",0,0.0,0,0.0,0,0.0,0,0.0,0,0.0,0,0.0
111,154139987,RT @JoeNBC: Democrats are out of their minds if they EVER debate again this year without mics being cut when time runs out.,0,0.0,0,0.0,0,0.0,0,0.0,0,0.0,0,0.0
112,154139987,RT @Austan_Goolsbee: There a reason that the Trump tax cut is the most unpopular tax cut in the history of American polling—people know wha…,0,0.0,0,0.0,0,0.0,0,0.0,0,0.0,0,0.0
113,154139987,"RT @ddale8: Pence falsely claims Trump ""suspended all travel from China.""  Trump imposed a partial travel restriction that made multiple ex…",0,0.0,0,0.0,0,0.0,0,0.0,0,0.0,0,0.0
114,154139987,"Do all of these Republicans who are attacking ""Washington"" in their political ads realize that Washington is mostly run by Republicans? The White House occupant is Republican, so Republicans run the Executive Branch, and Republicans run the Senate.",0,0.0,0,0.0,0,0.0,0,0.0,0,0.0,0,0.0
115,154139987,"Trump family, aides flouted Cleveland hotel mask mandate ahead of debate - ABC News - https://t.co/uDFSzmfm2R via @ABC",0,0.0,0,0.0,0,0.0,0,0.0,0,0.0,0,0.0
116,154139987,"I worry about them not knowing and doing enough if they believe Trump did enough. No mask, big crowds, no social distancing. https://t.co/I48uU5Iv2U",0,0.0,0,0.0,0,0.0,0,0.0,0,0.0,0,0.0
117,154139987,"Please read this, @GovChrisSununu. You restated support for Trump after his despicable comments during the debate. Shouldn't this--Republican former National Security Officials saying he is dangerous-- be where you draw the line?  #nhpolitics https://t.co/u9h2r9nL5Y",0,0.0,0,0.0,0,0.0,0,0.0,0,0.0,0,0.0
118,154139987,Study Finds ‘Single Largest Driver’ of Coronavirus Misinformation: Trump https://t.co/h1Y10aqdUC,0,0.0,0,0.0,0,0.0,0,0.0,0,0.0,0,0.0
119,154139987,"If Trump wins, 20 million people could lose health insurance. If Biden wins, 25 million could gain it. https://t.co/okG7frZfko",0,0.0,0,0.0,0,0.0,0,0.0,0,0.0,0,0.0
120,154139987,"RT @JustinWolfers: It’s striking that Trump keeps raising Biden’s kids, but Biden won’t raise questions around Trump’s kids. There’s a fund…",0,0.0,0,0.0,0,0.0,0,0.0,0,0.0,0,0.0
121,154139987,NOT ONE TRUMP SERVED. #nhpolitics,0,0.0,0,0.0,0,0.0,0,0.0,0,0.0,0,0.0
122,154139987,"RT @ChairmanBuckley: While you are watching the disgusting behavior of Trump tonight, remember:   Sununu: “I’m a Trump guy through and thro…",0,0.0,0,0.0,0,0.0,0,0.0,0,0.0,0,0.0
123,154139987,"Tremendous crowds in the hospital also, Trump. #nhpolitics",0,0.0,0,0.0,0,0.0,0,0.0,0,0.0,0,0.0
124,154139987,RT @vanitaguptaCR: It's not just SCOTUS: Chairman @LindseyGrahamSC has scheduled committee votes next week on 5 more Trump judicial picks.…,0,0.0,0,0.0,0,0.0,0,0.0,0,0.0,0,0.0
125,154139987,"See this, @MittRomney? Shame on you and all the GOP Senators, silent as Trump says he'll have to wait and see. This is frightening and dangerous, but you are too weak to stand up to him. https://t.co/y5FFh9T0dE",0,0.0,0,0.0,0,0.0,0,0.0,0,0.0,0,0.0
126,154139987,RT @davidashimer: I’ve studied compromised elections around the world. American democracy is under assault on 2 fronts:  1) Trump says here…,0,0.0,0,0.0,0,0.0,0,0.0,0,0.0,0,0.0
127,154139987,"This loving, caring woman-just 28-and 200,000 others died. Trump says “it is what it is” I say HE is what he is and that is why America must defeat him. https://t.co/HPikvBXMc9. https://t.co/gq8tlzCXli",0,0.0,0,0.0,0,0.0,0,0.0,0,0.0,0,0.0
128,154139987,RT @ThePlumLineGS: Trump isn't trying to win. He's trying to get within cheating distance. Many top officials are placing their official du…,0,0.0,0,0.0,0,0.0,0,0.0,0,0.0,0,0.0
129,154139987,Trump Health Aide Alleges Broad Conspiracies and Warns of Armed Revolt https://t.co/Z9Lc9Bku3y,0,0.0,0,0.0,0,0.0,0,0.0,0,0.0,0,0.0
130,154139987,"She's seen Trump close-up for 4 yrs but @SenSusanCollins won't take a stand on caging babies, calling for voter fraud, leaking secrets, ripping off taxpayers, inciting violence, lying, doing nothing about the virus, losing millions of jobs. Her silence is cowardly. #mepolitics https://t.co/6vjA4upJSc",0,0.0,0,0.0,0,0.0,0,0.0,0,0.0,0,0.0
131,154139987,"Trump knows exactly what he is doing here. Keeps putting it on the table, then says he is just doing it to get the press upset. Be nice for NH to hear @GovChrisSununu defend the Constitution against this. #NHPolitics https://t.co/2tKJSIlQIc",0,0.0,0,0.0,0,0.0,0,0.0,0,0.0,0,0.0
132,154139987,Trump officials propose collecting DNA from citizens sponsoring immigrants https://t.co/ESqXqnkhtS,0,0.0,0,0.0,0,0.0,0,0.0,0,0.0,0,0.0
133,154139987,"RT @MSNBC: Nick Confessore: ""Trump is the first candidate for president to launch an October surprise against himself."" https://t.co/vav03I…",0,0.0,0,0.0,0,0.0,0,0.0,0,0.0,0,0.0
134,154139987,Why doesn't Trump care about his supporters? Privately says deadly. Publicly tells them they're ok without masks and still holds events that put them in danger. Did the same in NH and GOP @GovChrisSununu let him defy his order that crowd 100+ had to wear masks #nhpolitics https://t.co/LgrNrHchUj,0,0.0,0,0.0,0,0.0,0,0.0,0,0.0,0,0.0
135,154139987,"The other day, a friend was told that this is like the flu. She could not convince the man it was worse, because Trump told him and Trump wouldn't lie. Send this to everyone who still believes Trump. Even Trump didn't believe Trump! https://t.co/ogdLKbArPp",0,0.0,0,0.0,0,0.0,0,0.0,0,0.0,0,0.0
136,154139987,"RT @RepAdamSchiff: In February, Trump told a reporter COVID-19 was ""more deadly than even your strenuous flu.""  But publicly, he was callin…",0,0.0,0,0.0,0,0.0,0,0.0,0,0.0,0,0.0
137,154139987,RT @BillKristol: Trump seems to have been obsessed with Laurene Powell Jobs for a while--a friend remembered this creepy tweet from a coupl…,0,0.0,0,0.0,0,0.0,0,0.0,0,0.0,0,0.0
138,154139987,More proof that Trump is hateful and not interested in protecting Americans from the virus that he promised would “magically” disappear. What kind of a person does this?! https://t.co/qEOH5l3Gac,0,0.0,0,0.0,0,0.0,0,0.0,0,0.0,0,0.0
139,154139987,"RT @RVAT2020: Trump is lying about Joe Biden's commitment to police.  @realDonaldTrump, here's the truth. https://t.co/Z1w2fKwRUr",0,0.0,0,0.0,0,0.0,0,0.0,0,0.0,0,0.0
140,154139987,"RT @thematthill: .@JoeBiden responds to today's report in the @TheAtlantic about Trump and our country's troops &gt;&gt;  ""And if I have the hono…",0,0.0,0,0.0,0,0.0,0,0.0,0,0.0,0,0.0
141,154139987,"RT @BillKristol: No, Trump won't succeed in cutting off federal funds to ""anarchist jurisdictions."" But the new executive order is alarming…",0,0.0,0,0.0,0,0.0,0,0.0,0,0.0,0,0.0
142,154139987,"Londonderry officials urge residents who attended Trump rally, Motorcycle Week to get tested https://t.co/FtxlX9Lamf",0,0.0,0,0.0,0,0.0,0,0.0,0,0.0,0,0.0
143,154139987,RT @JRubinBlogger: military voters understand that Trump poses a national security threat. He cannot identify or does not want to confront…,0,0.0,0,0.0,0,0.0,0,0.0,0,0.0,0,0.0
144,154139987,Trump makes it harder to protect our children as they start school again. There is no bottom. https://t.co/saGNoCbDNM,0,0.0,0,0.0,0,0.0,0,0.0,0,0.0,0,0.0
145,154139987,"RT @DeadlineWH: ""Trump does depend on his supporters only seeing, or hearing what he says and Joe Biden has to be out there saying the trut…",0,0.0,0,0.0,0,0.0,0,0.0,0,0.0,0,0.0
146,154139987,"Please clarify @GovChrisSununu You said ""It was made clear to them and they completely understood it” but Trump let rally fans go without masks and you allowed them to ignore your emergency order requiring masks in crowds over 100. Can everyone ignore it or just Trump #nhpolitics",0,0.0,0,0.0,0,0.0,0,0.0,0,0.0,0,0.0
147,154139987,There must be one Republican somewhere who has the courage to publicly tell Donald Trump not to go to Wisconsin. Trump will do nothing to help calm the situation in Wisconsin and could make it worse because his comments are divisive and inflammatory. Senators? Governors? House?,0,0.0,0,0.0,0,0.0,0,0.0,0,0.0,0,0.0
148,154139987,"Doing his job. @GovEvers  is trying to protect citizens.  NH @GovChrisSununu wouldn't even enforce his ""crowds of 100 or more require masks"" rule-he let Trump get away with it. He didn't go-he knew there could be infected people like at Trump's other events #nhpolitics https://t.co/TsCX2rfIbz",0,0.0,0,0.0,0,0.0,0,0.0,0,0.0,0,0.0
149,154139987,"Trump too busy golfing, lying it'd ""magically"" disappear, claiming a Democratic hoax, to do anything. 185,000 American deaths so far-but no plan. @GovChrisSununu allowed a maskless NH Trump rally Friday but too scared to go himself. Plan: save ourselves. Vote them out #nhpolitics https://t.co/ZL0JwS7ba7",0,0.0,0,0.0,0,0.0,0,0.0,0,0.0,0,0.0
150,154139987,RT @JoeNBC: Democrats and media outlets obsess over alternative facts pushed by Fox News. They’re missing the most dangerous peddler of con…,0,0.0,0,0.0,0,0.0,0,0.0,0,0.0,0,0.0
151,154139987,""" Over the period of 2017 to 2018 we started to see that rise of the White Supremacist agenda."" This is powerful testimony against Trump. https://t.co/7FucSxqrHQ",0,0.0,0,0.0,0,0.0,0,0.0,0,0.0,0,0.0
152,154139987,No shame. No remorse. Blindly following Trump and trying to drag America with them. No way. https://t.co/dUYHSC8bJj,0,0.0,0,0.0,0,0.0,0,0.0,0,0.0,0,0.0
153,154139987,"Okay, another landmine that Trump has placed. We will get around that one also and defeat him. We will not be stopped. Find out how to register and vote at https://t.co/fFT5B57osj https://t.co/k2Fi4DQfrx",0,0.0,0,0.0,0,0.0,0,0.0,0,0.0,0,0.0
154,154139987,"I am going to vote against Trump for all those who ""fake"" died so they can't go to the polls. Or see a sunset. Or hold a baby. Or kiss their partner. Or garden. Or see a patient. Or ring up groceries. Or see family ever again. We can be their voices at the polls. Vote him out! https://t.co/7jkO7MyMgC",0,0.0,0,0.0,0,0.0,0,0.0,0,0.0,0,0.0
155,154139987,Massive failure by a Trumper governor who followed Trump and dragged his state over the COVID cliff. https://t.co/mIscY1p5jI,0,0.0,0,0.0,0,0.0,0,0.0,0,0.0,0,0.0
156,154139987,"Oh. Ok. Could Ms. Birx at least apologize to all those who are going to die for all of the failures they have had, and for praising Trump? https://t.co/oqKpVmOcaf",0,0.0,0,0.0,0,0.0,0,0.0,0,0.0,0,0.0
157,154139987,RT @DavidCornDC: Obama unloads. He assails Trump administration for using tear gas and batons on peaceful demonstrators and slams those who…,0,0.0,0,0.0,0,0.0,0,0.0,0,0.0,0,0.0
158,154139987,Texas Republican Rep. Gohmert Tests Positive For COVID-19 After Rebuffing Masks https://t.co/3pwiJutGwp,0,0.0,0,0.0,0,0.0,0,0.0,0,0.0,0,0.0
159,154139987,"Just lucky. Any one event can make this blow up in NH, because @GovChrisSununu won't protect us from maskless people standing too close to others who cannot avoid them. Our governor chooses Trump over science #nhpolitics https://t.co/QJZCO0iy4K",0,0.0,0,0.0,0,0.0,0,0.0,0,0.0,0,0.0
160,154139987,"Trump and his Republicans have stolen our routines and our normal lives away. Seeing the children suffer because of the Trumpers' incompetence, inaction, and indifference is heartbreaking. Vote them all out in November. https://t.co/WpjRXHUQCQ",0,0.0,0,0.0,0,0.0,0,0.0,0,0.0,0,0.0
161,154139987,RT @atrupar: Trump turned the economy around from 4.8 percent unemployment when he took office to 11.1 percent now https://t.co/aPzmtYVb4f,0,0.0,0,0.0,0,0.0,0,0.0,0,0.0,0,0.0
162,154139987,"RT @Fahrenthold: In just two days, @realdonaldtrump’s campaign pumped $380K into Trump’s private business, in 43 separate payments. Trump O…",0,0.0,0,0.0,0,0.0,0,0.0,0,0.0,0,0.0
163,154139987,I’m a GOP governor. Why didn’t Trump help my state with coronavirus testing? https://t.co/n2FBstVQuR,0,0.0,0,0.0,0,0.0,0,0.0,0,0.0,0,0.0
164,154139987,"No covid in NZ. We had scientists, organizations, money to stop the spread of Covid. What we didn't have was any sane adults in the WH or any GOP senators to stop Trump. We used to lead the world; now countries have closed their borders to us because we would infect them also. https://t.co/QYu9pmgvaO",0,0.0,0,0.0,0,0.0,0,0.0,0,0.0,0,0.0
165,154139987,Dr. Fauci has devoted his life to caring for the people. Trump has devoted his life to caring for Trump. https://t.co/jtJ56RjBsG,0,0.0,0,0.0,0,0.0,0,0.0,0,0.0,0,0.0
166,154139987,RT @catherine_lucey: Health official: Trump rally ‘likely’ source of virus surge https://t.co/3MKDLxoUvX,0,0.0,0,0.0,0,0.0,0,0.0,0,0.0,0,0.0
167,154139987,"But today Trump demanded schools open and threatened to withhold funding if not. GOP governors need to push back for our kids, our future. @GovChrisSununu, you must take a stand. Please publicly state that threatening school funding is wrong and must not be a factor. #nhpolitics https://t.co/hcp7YVSiKg",0,0.0,0,0.0,0,0.0,0,0.0,0,0.0,0,0.0
168,154139987,"It's @GovChrisSununu job to protect NH citizens, even if he's afraid of Trump. If he doesn't think it's safe for HIM, then it's not safe for Trump fans going (masks not required) and not safe for us who might cross paths with them later. Please protect NH, Gov Sununu. #nhpolitics https://t.co/PkW1qWXxfz",0,0.0,0,0.0,0,0.0,0,0.0,0,0.0,0,0.0
169,154139987,"Media failed-but we knew Trump was a cheat, a liar, business failure. We knew he was a racist birther who whipped up hatred against free press at rallies. We knew he was disgusting, attacked women. His values weren't family values, but too many shrugged. Hope&amp;change return in Nov https://t.co/8wBP1OLlYg",0,0.0,0,0.0,0,0.0,0,0.0,0,0.0,0,0.0
170,154139987,"RT @ChairmanBuckley: In the midst of a global pandemic, Trump has chosen to come to NH to shine a spotlight on his chaotic and unprepared r…",0,0.0,0,0.0,0,0.0,0,0.0,0,0.0,0,0.0
171,154139987,Trump couldn't care less about even his base. Now he is blocking information that could save them and us. Muzzling Dr. Fauci is only going to make Trump's massive disaster worse. https://t.co/MR7XSsEpT8,0,0.0,0,0.0,0,0.0,0,0.0,0,0.0,0,0.0
172,154139987,Trump Guts Protections for Atlantic Marine Monument – That’s Illegal https://t.co/Y2bDOc291l,0,0.0,0,0.0,0,0.0,0,0.0,0,0.0,0,0.0
173,154139987,"His terrible character and lack of ethics were there for all to see. New phase here, where former Trumpers pretend they ""had no idea Trump was like that."" Guess they missed the cheating, the hate talk, the threats, the grabbing, the court cases...not buying it. https://t.co/3mdYQIO8kc",0,0.0,0,0.0,0,0.0,0,0.0,0,0.0,0,0.0
174,154139987,Trump has humiliated us in front of the world. https://t.co/lcBFXNcKZN,0,0.0,0,0.0,0,0.0,0,0.0,0,0.0,0,0.0
175,154139987,"Brilliantly shreds Trump, GOP Senate ""...invertebrates whose unswerving abjectness has enabled his institutional vandalism, who have voiced no serious objections to his Niagara of lies,..""  Conservative George Will says DT and GOP Congress must be removed. https://t.co/LzK4XYVqKg",0,0.0,0,0.0,0,0.0,0,0.0,0,0.0,0,0.0
176,154139987,RT @KatiePhang: The day Trump gets evicted. https://t.co/p6yu1ePy3D,0,0.0,0,0.0,0,0.0,0,0.0,0,0.0,0,0.0
177,154139987,"I am not surprised-most of us are good. Don't lose faith in other Americans. Every day Trump tells us some person or group is evil, but that's his world, not ours. Courage and faith in each other will sustain us until we can remove him. https://t.co/8OU4JKPszq",0,0.0,0,0.0,0,0.0,0,0.0,0,0.0,0,0.0
178,154139987,"Some of us in Congress when Trump was sworn in publicly worried and warned, but this...I thought the hater in chief would actively turn us against each other, but this... https://t.co/k5YBzXwZoo",0,0.0,0,0.0,0,0.0,0,0.0,0,0.0,0,0.0
179,154139987,"On weekend dedicated to war dead, Trump tweets insults, promotes baseless claims and plays golf https://t.co/j7RXPf0FEs",0,0.0,0,0.0,0,0.0,0,0.0,0,0.0,0,0.0
180,154139987,And still Republicans claim Trump is draining the swamp... https://t.co/eeuSfPdxax,0,0.0,0,0.0,0,0.0,0,0.0,0,0.0,0,0.0
181,154139987,"RT @ChrisLu44: Another 3 million people filed for unemployment benefits, bringing the two-month total to 36 million.  Meanwhile, a Trump do…",0,0.0,0,0.0,0,0.0,0,0.0,0,0.0,0,0.0
182,154139987,"RT @vermontgmg: This is a literal lie. The Obama admin literally left a “Pandemic Playbook,” here in PDF form, that Trump ignored. They lit…",0,0.0,0,0.0,0,0.0,0,0.0,0,0.0,0,0.0
183,154139987,"Thank you @NHDems. Also, a good reminder from @ChairmanBuckley-our future is on the ballot. Work, donate, vote for Democrats! https://t.co/IPkEwWOAKC",0,0.0,0,0.0,0,0.0,0,0.0,0,0.0,0,0.0
184,154139987,We could have done this. We would have done this if Republican leaders had told people the truth about Trump 4 yrs ago or even 4 months ago. https://t.co/EV50ozMVeM,0,0.0,0,0.0,0,0.0,0,0.0,0,0.0,0,0.0
185,154139987,"RT @kylegriffin1: In light of reports that Trump owes tens of millions to the Bank of China, Sen. Tammy Duckworth is requesting an investig…",0,0.0,0,0.0,0,0.0,0,0.0,0,0.0,0,0.0
186,154139987,"RT @JoeNBC: This is the most devastating political ad I’ve seen in years. It reveals the truth about Trump and China, and that truth is ugl…",0,0.0,0,0.0,0,0.0,0,0.0,0,0.0,0,0.0
187,154139987,"Trump says he finds testing ""interesting"" but apparently, not important enough to have a coordinated fed response. He now tosses it to the states, who need supplies that he does not find ""interesting"" enough to have someone work on procuring. https://t.co/dRP2XDL0Qz",0,0.0,0,0.0,0,0.0,0,0.0,0,0.0,0,0.0
188,154139987,RT @brhodes: Trump wouldn’t be President without the free airtime he got in 2015-16 and he’s counting on the same cooperation from the medi…,0,0.0,0,0.0,0,0.0,0,0.0,0,0.0,0,0.0
189,154139987,"I served in Congress when Obama and Biden were in the WH and when Trump was. This video reminded me of what we had but lost with Trump and what we can have again-integrity, pride, competence, caring, hope. Yes, we can! https://t.co/W1fQWvcmen",0,0.0,0,0.0,0,0.0,0,0.0,0,0.0,0,0.0
190,154139987,"RT @Yamiche: President Trump is now lashing out at @jonkarl saying he is a ""third rate"" reporter. Trump angrily said to him, ""You will neve…",0,0.0,0,0.0,0,0.0,0,0.0,0,0.0,0,0.0
191,154139987,RT @JillDLawrence: By @goodyk: Queen Elizabeth gives a coronavirus speech and the contrast with Trump is stunning https://t.co/dOD8FnqrW5 v…,0,0.0,0,0.0,0,0.0,0,0.0,0,0.0,0,0.0
192,154139987,RT @Olivia_Gazis: Former IC IG Atkinson issues a remarkable statement on his removal from office by Trump.   “It is hard not to think that…,0,0.0,0,0.0,0,0.0,0,0.0,0,0.0,0,0.0
193,154139987,"RT @deanbarker: ""Intelligence officials were warning Trump about a pandemic as early as January, but they 'couldn't get him to do anything…",0,0.0,0,0.0,0,0.0,0,0.0,0,0.0,0,0.0
194,154139987,"In an already scary world with a very scary president and administration, this is terrifying and so damaging. Trump is destroying every institution and everyone who is in his way or speaks truth. https://t.co/u39UybEE0I",0,0.0,0,0.0,0,0.0,0,0.0,0,0.0,0,0.0
195,154139987,Call every Republican Senator and House Member and Governor and tell them they must finally stand up and demand Trump do this. https://t.co/ayV4IRLzqV,0,0.0,0,0.0,0,0.0,0,0.0,0,0.0,0,0.0
196,154139987,"This is why America has the highest rate of infection. This is why, in spite of our great scientists and heroic health care professionals, we are so far behind. Trump and his team's arrogance, their stupidity, their cruelty, their dishonesty, will go down in world history books. https://t.co/YoeUjA0Ob8",0,0.0,0,0.0,0,0.0,0,0.0,0,0.0,0,0.0
197,154139987,"Thank you, Jennifer, for your leadership on this and for all you have done to try to stop Trump from ruining America. #nhpolitics https://t.co/hNpbcEPy1g",0,0.0,0,0.0,0,0.0,0,0.0,0,0.0,0,0.0
198,154139987,RT @Amy_Siskind: The Trump campaign just released a cease and desist letter demanding that TV stations immediately pull this @prioritiesUSA…,0,0.0,0,0.0,0,0.0,0,0.0,0,0.0,0,0.0
199,154139987,Three months into this. Why don't we have supplies? Other countries do. We could and should. Greed and incompetence oozing out of the Trump swamp have put Americans in danger. https://t.co/ggPXkxlXpK,0,0.0,0,0.0,0,0.0,0,0.0,0,0.0,0,0.0
200,154139987,"Decide who doesn't get treatment? See this, @SenSusanCollins and Republican Senators?  You could have stopped Trump before this nightmare. You knew he could not lead and could not organize and could not be honest and could not empathize. Go find supplies! https://t.co/HHX1Fld6R6",0,0.0,0,0.0,0,0.0,0,0.0,0,0.0,0,0.0
201,154139987,"RT @kaitlancollins: Gaynor confirms Trump hasn't used DPA, despite Trump offering several different answers Friday about whether he had. Wh…",0,0.0,0,0.0,0,0.0,0,0.0,0,0.0,0,0.0
202,154139987,"RT @Amy_Siskind: From press briefing: on lack of masks, Trump blamed past administrations for having “done very little,” and said his regim…",0,0.0,0,0.0,0,0.0,0,0.0,0,0.0,0,0.0
203,154139987,"RT @ChrisMurphyCT: Here’s the latest as of an hour ago:  Trump says it’s up to the states to manage testing, find PPE, coordinate treatment…",0,0.0,0,0.0,0,0.0,0,0.0,0,0.0,0,0.0
204,154139987,Trump budget chief holds firm on CDC cuts amid virus outbreak https://t.co/6wCNghIA9z,0,0.0,0,0.0,0,0.0,0,0.0,0,0.0,0,0.0
205,154139987,"Congratulations, Kathleen! And there will be more NH wins as people flee from the disaster that Trump has created. #nhpolitics https://t.co/DNadEBKanF",0,0.0,0,0.0,0,0.0,0,0.0,0,0.0,0,0.0
206,154139987,RT @JRubinBlogger: @IsaacDovere @MaraLiasson Another thousand women vow never to vote Republican,0,0.0,0,0.0,0,0.0,0,0.0,0,0.0,0,0.0
207,154139987,"RT @ddale8: Hannity bashed the Obama-Biden record, then asked Trump to compare his own record to theirs. Among other things, Trump said, ""W…",0,0.0,0,0.0,0,0.0,0,0.0,0,0.0,0,0.0
208,154139987,"Thank you for pointing out that Democrats are not new to doing the right thing. That's why I have always been proud to be one and to vote for the ACA, even though we knew we would lose big in 2010. https://t.co/3KD87wGhpu",0,0.0,0,0.0,0,0.0,0,0.0,0,0.0,0,0.0
209,154139987,"RT @PolitiFact: Trump said the media distorted his ""Russia, if you’re listening"" comment in 2016 by cutting out ""the laugher.” We listened…",0,0.0,0,0.0,0,0.0,0,0.0,0,0.0,0,0.0
210,154139987,"With grace and class and to beat Trump. Thank you, @PeteButtigieg. https://t.co/XECyxu4Xbo",0,0.0,0,0.0,0,0.0,0,0.0,0,0.0,0,0.0
211,154139987,Please follow Obama Alum Brian--he is on a critical mission to save his life and so many others. He will inspire you along the way! https://t.co/tWwfLhHRCh,0,0.0,0,0.0,0,0.0,0,0.0,0,0.0,0,0.0
212,154139987,"RT @Amy_Siskind: Here's the clip: Trump compares coronavirus to ""Russia, Russia, Russia"" and his ""perfect call"" and calls it a ""new hoax.""…",0,0.0,0,0.0,0,0.0,0,0.0,0,0.0,0,0.0
213,154139987,RT @atrupar: Here’s Trump at his rally tonight in South Carolina dismissing worries about the coronavirus as the “new hoax” https://t.co/Q5…,0,0.0,0,0.0,0,0.0,0,0.0,0,0.0,0,0.0
214,154139987,Trump and Republicans might have to make the wealthiest  individuals and corporations pay a little something so we can address the corona virus. Even ten bucks would be more than some of them pay... https://t.co/UABaD2vfj8,0,0.0,0,0.0,0,0.0,0,0.0,0,0.0,0,0.0
215,154139987,"RT @sbg1: Once again, shocking that a dem debate goes this far and does NOT mention Trump post impeachment purge, attacks on independent ju…",0,0.0,0,0.0,0,0.0,0,0.0,0,0.0,0,0.0
216,154139987,"RT @RepTomColeman: Trump's danger to America has reached the point where Presidents Carter, Clinton, Bush, and Obama must issue a joint sta…",0,0.0,0,0.0,0,0.0,0,0.0,0,0.0,0,0.0
217,154139987,"Every day there's more, @SenSusanCollins. Please remind Trump that he was supposed to behave after you let him off because ""he learned his lesson."" #mepolitics https://t.co/bRKA88lLtc",0,0.0,0,0.0,0,0.0,0,0.0,0,0.0,0,0.0
218,154139987,Republicans letting Trump get off after all he did didn't look right either. You could and should have stopped this. @lisamurkowski Now what? https://t.co/3wo4KbFrqv,0,0.0,0,0.0,0,0.0,0,0.0,0,0.0,0,0.0
219,154139987,Everyone must or Trump will continue to drag America down. A vote against Trump is a vote for a better future. https://t.co/thopF51zKX,0,0.0,0,0.0,0,0.0,0,0.0,0,0.0,0,0.0
220,154139987,"Senators like @SenatorCollins, who claimed Trump learned his lesson (wink, wink) need to ask the House to impeach Trump again. #mepolitics https://t.co/jlp7GM2LGN",0,0.0,0,0.0,0,0.0,0,0.0,0,0.0,0,0.0
221,154139987,I would. @SenSusanCollins needs to apologize. She could have helped stop Trump but would not. America needs senators with courage and conviction to stand up to him. https://t.co/6L2sFFXd4M,0,0.0,0,0.0,0,0.0,0,0.0,0,0.0,0,0.0
222,154139987,RT @SueMayerNH: Thank you @MacThornberry! Top Armed Services Committee Republican: Vindman's 'career needs to proceed based on his talents…,0,0.0,0,0.0,0,0.0,0,0.0,0,0.0,0,0.0
223,154139987,This could have been @SenSusanCollins also but she chose to accept Trump's trashing of the Constitution. She will now lose her seat and be remembered for her refusal to stop Trump. https://t.co/2gBWZuitTR,0,0.0,0,0.0,0,0.0,0,0.0,0,0.0,0,0.0
224,154139987,RT @JesseFFerguson: Out: rule of law In: rule of Trump https://t.co/jQIDFgiuRP,0,0.0,0,0.0,0,0.0,0,0.0,0,0.0,0,0.0
225,154139987,RT @JRubinBlogger: I am sure in light of DOJ resignations @SenatorCollins is deeply disappointed. She has empowered Trump to turn DOJ into…,0,0.0,0,0.0,0,0.0,0,0.0,0,0.0,0,0.0
226,154139987,And so the journey down a dangerous road continues...shame on @SenatorCollins and all the Republicans (except @SenatorRomney)  who cleared the way for Trump. https://t.co/HRPxlRmnZO,0,0.0,0,0.0,0,0.0,0,0.0,0,0.0,0,0.0
227,154139987,"Republicans who need Medicare or any other programs, please note that Trump is going to hurt you and your family if you are not wealthy. Protect yourself and your family. Vote him out. https://t.co/3nRSEuOE3u",0,0.0,0,0.0,0,0.0,0,0.0,0,0.0,0,0.0
228,154139987,"Trump is spilling his poison in my state tonight, but we are not fooled. NH will once again vote against him in November. https://t.co/ZVpCmZEE4E",0,0.0,0,0.0,0,0.0,0,0.0,0,0.0,0,0.0
229,154139987,"Hey, Republicans, see something, say something! Trump is hurting us by his willful ignorance and refusal to fix this. Ask your kids-they know. Vote for Dems. https://t.co/KVsfBtYnYb",0,0.0,0,0.0,0,0.0,0,0.0,0,0.0,0,0.0
230,154139987,"See this, Republican voters? See something, do something. For your health and safety, vote Trump out. https://t.co/JsaFwRwRTf",0,0.0,0,0.0,0,0.0,0,0.0,0,0.0,0,0.0
231,154139987,RT @speechboy71: Far be it from me to get in the way of a Dems in Disarray media frenzy ... but it the latest Quinnipiac poll has Trump at…,0,0.0,0,0.0,0,0.0,0,0.0,0,0.0,0,0.0
232,154139987,Pelosi Clashes With Facebook and Twitter Over Video Posted by Trump https://t.co/Sxj3R0wHCp,0,0.0,0,0.0,0,0.0,0,0.0,0,0.0,0,0.0
233,154139987,"You saw Trump do this to so many before the impeachment trial, @SenSusanCollins . You should have spoken up or done something then instead of staying silent. You have a chance to defend @SenatorRomney Will you? https://t.co/q6V1eyeMmA",0,0.0,0,0.0,0,0.0,0,0.0,0,0.0,0,0.0
234,154139987,"RT @Amy_Siskind: One thing we have to ALL watch out for: Trump, Putin, Cambridge Analytica et al conspired to suppress turnout in 2016 in a…",0,0.0,0,0.0,0,0.0,0,0.0,0,0.0,0,0.0
235,154139987,"RT @ddale8: Again, Trump has very much not protected patients with pre-existing conditions. https://t.co/B2wpRLlF0j",0,0.0,0,0.0,0,0.0,0,0.0,0,0.0,0,0.0
236,154139987,RT @keithboykin: The federal deficit is soaring under Trump:  2016: $585 Billion 2017: $666 Billion 2018: $779 Billion 2019: $984 Billion 2…,0,0.0,0,0.0,0,0.0,0,0.0,0,0.0,0,0.0
237,154139987,"RT @KatiePhang: Trump: ""Crime is falling"".  Just not at the White House.",0,0.0,0,0.0,0,0.0,0,0.0,0,0.0,0,0.0
238,154139987,RT @Amy_Siskind: * Pompeo kicks NPR off the plane  * Trump campaign excludes Bloomberg News from an event * Trump excludes CNN from annual…,0,0.0,0,0.0,0,0.0,0,0.0,0,0.0,0,0.0
239,154139987,"RT @KevinMKruse: In the 2012 Iowa caucuses, it took more than two weeks to declare the winner on the Republican side. https://t.co/wGI7Y7tQ…",0,0.0,0,0.0,0,0.0,0,0.0,0,0.0,0,0.0
240,154139987,"Glad my dad, who was a WW2 Vet, a patriot, and a Republican, never had to see how far down this man has dragged us. https://t.co/gqO4Gen4x7",0,0.0,0,0.0,0,0.0,0,0.0,0,0.0,0,0.0
241,154139987,RT @SusanPage: Former Trump Chief of Staff John Kelly tells Sarasota crowd 'I believe John Bolton.' From my @USATODAY Network colleagues at…,0,0.0,0,0.0,0,0.0,0,0.0,0,0.0,0,0.0
242,154139987,RT @Amy_Siskind: Good job backing up Democrats case 🙄 Support @GreenfieldIowa in 2020 and dump Ernst! https://t.co/AmiFyEA8Rr,0,0.0,0,0.0,0,0.0,0,0.0,0,0.0,0,0.0
243,154139987,"RT @sbg1: Note the date, folks. The White House has had this for WEEKS before the Senate trial. Consider everything the Trump legal team sa…",0,0.0,0,0.0,0,0.0,0,0.0,0,0.0,0,0.0
244,154139987,Listen to this from Trump's special advisor. It will motivate you to get out there and help Democrats win. https://t.co/jkkXrK1jup,0,0.0,0,0.0,0,0.0,0,0.0,0,0.0,0,0.0
245,154139987,"RT @eliehonig: Trump has repeatedly claimed not to know Lev Parnas. Now, on top of the photos, we have a recording that appears to show the…",0,0.0,0,0.0,0,0.0,0,0.0,0,0.0,0,0.0
246,154139987,RT @MollyJongFast: But trump said no one was hurt. https://t.co/IpTKgMIYkf,0,0.0,0,0.0,0,0.0,0,0.0,0,0.0,0,0.0
247,154139987,RT @EvanMcMullin: Every single American—even Trump supporters though they may not realize it—is incredibly lucky that Adam Schiff happens t…,0,0.0,0,0.0,0,0.0,0,0.0,0,0.0,0,0.0
248,154139987,RT @JRubinBlogger: Think of it this way: Trump has been impeached. A healthy majority think he abused power and obstructed Congress. The tr…,0,0.0,0,0.0,0,0.0,0,0.0,0,0.0,0,0.0
249,154139987,Americans-remember who is doing this to us. Focus on uniting so we can remove Trump and his supporters in November. https://t.co/dxyuseeV9a,0,0.0,0,0.0,0,0.0,0,0.0,0,0.0,0,0.0
250,154139987,"Russian spies hacked Ukrainian gas company at heart of Trump impeachment trial, company says https://t.co/uaVUFK8ZyS",0,0.0,0,0.0,0,0.0,0,0.0,0,0.0,0,0.0
251,154139987,RT @CREWcrew: Trump wants to hide his tax returns.   Trump wants to hide White House visitor logs.   Trump wants to hide records of his cal…,0,0.0,0,0.0,0,0.0,0,0.0,0,0.0,0,0.0
252,154139987,"RT @ChrisRRegan: At 35, Eric Trump can still join the US Army and the Air Force. WHICH WILL HE CHOOSE?!",0,0.0,0,0.0,0,0.0,0,0.0,0,0.0,0,0.0
